c_name,c_phone,c_email,c_address,c_password,c_DOB
Valencia Questier,3819644820,vquestier0@alibaba.com,6 Golf Crossing,4oXRSqYxOEP,1990/09/17
Michel Coffey,8107797020,mcoffey1@loc.gov,83053 Memorial Drive,PLdz9IWDXjd,1969/05/04
Erie Chaffin,1816139611,echaffin2@desdev.cn,1 Buhler Lane,tfC4N597KENA,1989/02/21
Deana Adan,2415334976,dadan3@youtube.com,6 Lakewood Gardens Court,m42aCZx6d,1966/03/10
Elenore Barrett,5418907792,ebarrett4@ocn.ne.jp,090 Banding Point,0SSDpwcgq,1979/01/31
Rania Jeannequin,5092852467,rjeannequin5@facebook.com,50 Mitchell Lane,7eyLbK0Ighb,1935/08/27
Fredericka Taylorson,2034136144,ftaylorson6@meetup.com,64753 Everett Hill,EgHecNoof,1925/02/02
Martelle Northen,7032429296,mnorthen7@mozilla.org,5330 Mayer Center,T4q3Gdg6iXsR,1930/01/02
Seymour Espinho,4424440693,sespinho8@bbb.org,791 Elka Lane,kOW6Jlhen,1986/07/16
Lilllie Carnegy,3144839644,lcarnegy9@amazonaws.com,8 Manley Pass,Fti7Tavs3c,1951/04/17
Artemis Georghiou,6851714522,ageorghioua@bbb.org,50447 Kennedy Park,cUgC0JE,1970/05/25
Cornie Klessmann,9462759494,cklessmannb@bizjournals.com,091 Northview Avenue,sYg4BRp,1964/01/16
Dorry Fluger,4497022327,dflugerc@mapy.cz,2 Springs Point,1tSP5E0ccjcA,1992/12/16
Cirilo Burburough,3052941446,cburburoughd@europa.eu,82267 American Street,y1F4jqMlqDS,1950/10/04
Oswald todor,3956477020,otodore@wikispaces.com,874 Clemons Point,BCdxmskULxI,1988/11/07
Annie Goulston,2071695719,agoulstonf@cnn.com,11 Columbus Circle,2c25xQLrPmA,1970/12/09
Ophelia Lyfe,6204972670,olyfeg@themeforest.net,94315 Division Pass,ShZJynvLWVY,1939/10/12
Kirsti Readshall,6455295379,kreadshallh@tuttocitta.it,10214 Fieldstone Road,wy28cz,1969/03/06
Coralie Prestige,6747886017,cprestigei@cpanel.net,9 Merchant Junction,ZSlNvwGLn22,1946/01/01
Annamarie Udie,7579660203,audiej@cam.ac.uk,2 Anthes Point,H2iQvd26cQaU,1968/06/12
Chiquia Banasiak,1268027050,cbanasiakk@yahoo.com,85757 Oak Junction,WRlJDKGmEaQ,1925/06/13
Wit Aicken,9764159662,waickenl@wordpress.org,135 8th Pass,2N62kH,1950/11/16
Laurice Bodechon,6238160586,lbodechonm@fc2.com,9 Kenwood Point,HNA48hT2PRwY,1942/06/09
Cordie Paffett,3028724021,cpaffettn@cbc.ca,06 Independence Center,WdGItyvhsTA,1973/08/22
Andrei Mewrcik,5632293213,amewrciko@nyu.edu,38 Lukken Junction,DFcqMWM71jf,1929/07/07
Ki Cockney,2454406389,kcockneyp@bbb.org,17 Talmadge Drive,tq8887mlhMed,1957/06/05
Deloria Kitchinham,5356906316,dkitchinhamq@sun.com,75218 Main Center,E4XNU8,1937/03/05
Christos Poytheras,4789268137,cpoytherasr@xing.com,80829 Drewry Crossing,Bpiu0JzJpy,1985/11/03
Hetti Jeff,9786659232,hjeffs@phpbb.com,3077 Banding Trail,Y5MqjCAy,1960/05/07
Gray Maydwell,3623456477,gmaydwellt@biglobe.ne.jp,7 Hanover Park,tMJrm6sE,1948/03/28
Jania Arboin,5882537289,jarboinu@mapy.cz,20066 Lyons Plaza,I9XFuBexL,1982/01/20
Hadleigh Sail,9035197775,hsailv@opera.com,52156 Wayridge Avenue,M97PJc,1945/05/28
Johna Embra,3753021209,jembraw@tinypic.com,74296 Gerald Terrace,JiDCd9k7,1954/11/12
Spense Gynne,1459740308,sgynnex@miibeian.gov.cn,646 Hallows Crossing,VLGQyvOCb,1940/02/29
Bettine Bowton,5228432519,bbowtony@thetimes.co.uk,7020 Eagan Circle,FhOsoHdTbdO,1935/12/16
Lettie Roomes,4613157890,lroomesz@1688.com,8 Anthes Court,OnH8qDwFJ,1996/11/23
Calvin Girling,8508202553,cgirling10@twitter.com,5117 Service Hill,o6h1rzE6,1947/03/26
Court Boxill,4806161073,cboxill11@unicef.org,437 Nancy Center,aWpeVjK8Y,1984/12/18
Owen Alecock,4809514799,oalecock12@google.ca,5 Bay Alley,oxfylPn,1963/08/18
Rasla Husselbee,4837716064,rhusselbee13@gizmodo.com,2 Paget Avenue,OL5Z9n,1961/04/08
Reeva Maker,2205881153,rmaker14@infoseek.co.jp,31 Ramsey Drive,OmCkUuy,1953/01/29
Marilyn Lamberth,5768058007,mlamberth15@cnbc.com,410 Fisk Place,t7jxuKn,1973/09/05
Adlai Heugle,7188704087,aheugle16@hibu.com,82 Lakewood Crossing,gDKk3My3z4,1958/12/11
Shandy Rosina,1617408341,srosina17@imageshack.us,95 Petterle Court,SeXD36,1929/07/29
Carolin Ewins,4858401113,cewins18@theatlantic.com,520 Lakeland Drive,vEyUCvH6L9F,1958/02/18
Shellie Muddle,1779987110,smuddle19@jigsy.com,5894 Schiller Street,Ius122PgdyU,1991/09/28
Eilis Silverston,6894744536,esilverston1a@amazon.co.jp,090 Shopko Hill,UynCzqL,1986/09/23
Taryn Rugiero,9873609375,trugiero1b@statcounter.com,060 Cambridge Street,7rBo3xwoLR,1997/04/25
Maren Faire,3676750464,mfaire1c@wordpress.com,79069 Eggendart Crossing,I3WGPfzJyiG,1935/09/25
Emalia Westphalen,6167051393,ewestphalen1d@istockphoto.com,124 Messerschmidt Court,9GQ2YYdvT0y,1925/05/07
Sibylle Wyness,7311373075,swyness1e@addtoany.com,33 Fieldstone Junction,snKTDWEPxFJ,1945/08/01
Erny Korda,2903272335,ekorda1f@stanford.edu,0134 Lake View Drive,ILPVbp7Q,1935/01/31
Colet Castilljo,7217143854,ccastilljo1g@biglobe.ne.jp,2 Menomonie Junction,e76tBo,1971/08/23
Lonnard Postance,4484508663,lpostance1h@nba.com,8 Homewood Avenue,Q8crzuG6wt,1970/09/25
Ham Gronowe,2123297703,hgronowe1i@cbsnews.com,11384 Hanson Terrace,TK639Ez,1978/09/04
Janeta Clemenzo,3488599977,jclemenzo1j@so-net.ne.jp,972 Moose Center,Fd3NLjqN,1990/04/25
Diann Ponnsett,1838279989,dponnsett1k@ycombinator.com,769 Ilene Street,6mlVVgwuMDR,1947/10/24
Gussi Becken,2315051355,gbecken1l@weather.com,91234 Stephen Terrace,a3ZqweBS,1934/05/19
Noah Randlesome,1237523374,nrandlesome1m@behance.net,70 Shelley Avenue,vE9g40,1928/11/15
Moyna Bolino,5328033606,mbolino1n@360.cn,34 Westerfield Road,aiO9dz,1950/02/05
Maegan Gridon,2853524473,mgridon1o@shop-pro.jp,4932 Farmco Pass,qE0cziRV,1958/08/03
Shani Waind,9298788651,swaind1p@biglobe.ne.jp,182 Everett Place,OMDJ2NwQ,1974/01/29
Andee Glander,2612465113,aglander1q@fc2.com,40229 Northport Crossing,9K2haGFuhbj,1951/05/27
Dean Strasse,7243685803,dstrasse1r@discuz.net,48756 Hanover Crossing,QBL16Hcz0,1998/05/14
Pavlov Klimschak,2106298352,pklimschak1s@163.com,36686 Bobwhite Junction,9Lu1Og,1987/10/08
Karlis Cleaver,6206949109,kcleaver1t@privacy.gov.au,217 Pepper Wood Crossing,07h06SXkbkQJ,1962/08/27
Tedie Hazeldene,3794490537,thazeldene1u@reverbnation.com,99241 Blue Bill Park Center,YSCswPHNZQ,1966/02/05
Nadya Sims,3401931080,nsims1v@weather.com,7 Prairieview Crossing,nZhPaqw,1923/07/31
Osbourn Whapham,1139312446,owhapham1w@tinyurl.com,35906 Mandrake Parkway,7hV58s3jb,1923/11/09
Abe McVeigh,6501160049,amcveigh1x@wired.com,129 Bayside Parkway,rk4R9y,1981/07/11
Davin Duckerin,7729936879,dduckerin1y@tinypic.com,73425 Dennis Terrace,abUo7EdE,1927/08/16
Karoly Oloshkin,5855342223,koloshkin1z@oaic.gov.au,7036 Stone Corner Park,vNghQGWJq,1993/09/01
Siegfried Dampier,6736634730,sdampier20@yolasite.com,564 Crest Line Trail,lXj38B,1943/10/19
Ruddie Calender,4735435890,rcalender21@hhs.gov,70291 Prentice Pass,i8CuDT0QTf,1923/10/25
Margareta Parkman,8425283804,mparkman22@mayoclinic.com,97354 Oxford Circle,6UkupNmcbHR,1949/03/14
Carla Stockill,9524119849,cstockill23@wix.com,9550 Rieder Alley,90RxUZ4oz,1992/06/19
Chrisse Forestel,6742266947,cforestel24@bloomberg.com,36751 Sutteridge Way,ZG7uQWIt,1969/01/05
Wolfie Govan,7936679406,wgovan25@hostgator.com,1 Jenna Hill,t7M94DBC9r,1935/09/26
Ethelind Simonson,3014021547,esimonson26@nsw.gov.au,12223 Mitchell Center,wuBrLo69WND,1991/10/31
Felicia Milmith,5028524355,fmilmith27@hp.com,2 Hallows Hill,JCOvXxDOL0,1966/06/29
Russ Caghan,1254266349,rcaghan28@vk.com,31007 Welch Circle,u3ufFDvYzZDS,1977/09/06
Penelope Tesh,2086230030,ptesh29@naver.com,0125 Farragut Court,PDk6dKk,1983/01/26
North Eland,6705333688,neland2a@domainmarket.com,72 Lindbergh Lane,EOaesqoqSqz2,1996/07/09
Chery Marr,2978534887,cmarr2b@mozilla.com,51 Farmco Drive,1wPiPXG76R8y,1966/06/01
Gabriella Gurko,9551414452,ggurko2c@weather.com,0347 Springview Way,BGeMgV,1970/04/30
Amata Jaulme,4073390641,ajaulme2d@about.com,320 Delaware Center,mR7EuOI7XMFH,1948/02/09
Antin Riddel,9772656990,ariddel2e@wikia.com,0662 Prairieview Parkway,frSrUt,1968/12/18
Coraline Thompkins,2179928115,cthompkins2f@msu.edu,67275 Jackson Court,wZJ4H4,1957/01/22
Durante Glewe,1987827039,dglewe2g@webs.com,5934 Drewry Way,F3jfPt,1984/08/29
Yalonda Slocumb,2359151101,yslocumb2h@marketwatch.com,679 Shoshone Hill,ZcsesS,1963/03/20
Wenda Hanmore,8094395089,whanmore2i@merriam-webster.com,1 Di Loreto Pass,3mgrJIw7V,1983/03/06
Alyss Conneau,5776448021,aconneau2j@discuz.net,0078 Sachtjen Alley,faMK0ZJ,1999/05/06
Ronny McKall,2762889418,rmckall2k@springer.com,1 Alpine Park,YshbVq,1960/02/09
Howey Wipfler,2756327407,hwipfler2l@creativecommons.org,50 Montana Circle,lhqCi0,1940/08/25
Orland Penwright,9193733751,openwright2m@gizmodo.com,1213 Bayside Trail,GY1clIj,1998/09/17
Bram Byrne,8167561630,bbyrne2n@google.ca,5177 Southridge Circle,GurUQY,1955/01/29
Martino Yushmanov,9926483418,myushmanov2o@clickbank.net,38428 Delladonna Center,3Px9jL,1951/05/10
Garold Acreman,7073327203,gacreman2p@mayoclinic.com,78 Hanson Terrace,AUVvRW25zbRN,1927/08/21
Isac Jumont,7917775820,ijumont2q@blogtalkradio.com,663 Dakota Drive,lUP69s,1940/01/12
Tabby Bande,8292821978,tbande2r@hugedomains.com,645 Mallory Lane,6jPvxc34,2002/09/26
Leoine Kingaby,6233390837,lkingaby2s@baidu.com,227 Barnett Hill,5edMQ18a,1978/10/23
Thomasa Hewson,1736364891,thewson2t@goo.ne.jp,38 Talmadge Alley,S7RMPrt,1943/08/04
Cathyleen Feria,9615916913,cferia2u@pcworld.com,3 Sutteridge Terrace,uNnou7GE,1932/04/09
Christie Berrie,5751139713,cberrie2v@goo.gl,8121 Darwin Alley,AjtvMj,1933/05/04
Simonette Cory,2903854069,scory2w@kickstarter.com,4140 American Drive,NdI9ry,1979/06/28
Willabella Deeves,6373085898,wdeeves2x@over-blog.com,7200 Kipling Parkway,5eWiackcF,1998/11/12
Gnni Unwins,2989108922,gunwins2y@indiatimes.com,52002 American Ash Terrace,YUfoIHAV7L,1988/01/14
Nara Cavolini,3518235135,ncavolini2z@amazonaws.com,8586 Vidon Street,gAAMZm8I4HZ,1952/04/20
Haley Ionnisian,2898716517,hionnisian30@upenn.edu,736 Nobel Circle,7RAKyIBcx,1929/03/05
Madlen Beaulieu,9094557360,mbeaulieu31@redcross.org,70 Canary Trail,Pz1Lt6ZF1js,1980/02/06
Minnie Bolan,4396433807,mbolan32@nationalgeographic.com,0645 Onsgard Alley,T8E6dPLEZscZ,1983/08/23
Karena Nielson,3414146793,knielson33@g.co,9 Browning Plaza,KF1D1Uo,1975/09/29
Lissa Haddock,4232889365,lhaddock34@prnewswire.com,7774 Oxford Avenue,wyN8m4I,2002/09/01
Susanne Cool,3241174097,scool35@surveymonkey.com,498 Acker Crossing,K8fhVB,1988/07/08
Hunter Wyse,7642716602,hwyse36@usatoday.com,073 Maryland Circle,L3au59,1986/09/23
Latisha Breckin,2904769344,lbreckin37@edublogs.org,48 Ronald Regan Drive,WM6WKfk,1989/09/16
Ron Adcocks,8989969426,radcocks38@ifeng.com,9 Stone Corner Drive,MrM4QkXVL8M,1952/10/24
Nikolia Kohn,6896914342,nkohn39@mapy.cz,6 Anthes Court,eDsebOvl,1997/06/14
Giulio Habbes,5575659253,ghabbes3a@ucla.edu,62 Cambridge Trail,InxaglFkT,1980/03/21
Murial Comi,9263562914,mcomi3b@plala.or.jp,3022 Moulton Plaza,oihG3AcivkgD,1968/05/20
Cam Thew,5875674436,cthew3c@sphinn.com,39757 Spohn Drive,ghb3CIlxIf,1995/02/20
Avis Calfe,9219136393,acalfe3d@purevolume.com,471 Sauthoff Street,igGexyR5,1998/10/23
Marsha Jobe,8719284418,mjobe3e@hc360.com,35401 Sachtjen Lane,oFBTy31,1997/05/25
Reggie Murthwaite,7367001970,rmurthwaite3f@google.com.br,5367 Warner Trail,Z4qBY3UAVE,1997/05/25
Moshe Maffioletti,5646302237,mmaffioletti3g@japanpost.jp,90 Cambridge Alley,nRk1cE,1994/07/19
Godart Happs,7233816792,ghapps3h@51.la,986 Schlimgen Center,t7jSrZYgFu,1930/07/31
Augie Brunner,6404284334,abrunner3i@blinklist.com,2679 Packers Road,UIIMTn8MneC8,1985/09/02
Mara Iveson,8128392976,miveson3j@ebay.co.uk,55 Helena Parkway,auTNWq,1992/12/07
Harlene Ames,6797579041,hames3k@unicef.org,02804 Monica Hill,43qYh28gpti2,1949/03/16
Abbey Henighan,6143084384,ahenighan3l@unc.edu,22 Del Mar Hill,NYJsUoqe2M,1987/04/20
Ross Chettle,4904755635,rchettle3m@newsvine.com,6 Monica Crossing,gKRnoJ,1978/10/31
Lemmie Colbertson,4982217910,lcolbertson3n@g.co,399 Evergreen Trail,jo26WMtYTdJ,1978/10/15
Olympe Hehnke,5548654738,ohehnke3o@tripod.com,18164 Truax Hill,z0gDxj9DhUl,1977/12/21
Chaunce Cornall,6696830538,ccornall3p@facebook.com,7989 Corry Crossing,k3gX5pDr,1993/05/28
Elianora Steeples,7952772518,esteeples3q@google.ru,443 Kingsford Terrace,jlhsuH16Axq,1925/02/11
Rabbi Sircombe,7715591638,rsircombe3r@furl.net,6 Bonner Alley,Ikk0gfaIJe,1984/12/24
Kaia Roskelly,9832411291,kroskelly3s@shinystat.com,7 Hermina Drive,1gyeDu,1937/05/15
Rosemaria Reide,5275137584,rreide3t@miitbeian.gov.cn,620 Nevada Terrace,8gG5ULGepkf,1966/11/03
Crissie Laugier,6325620759,claugier3u@eepurl.com,5475 Oriole Way,ipe1dxeu9EE,1993/11/14
Harri Clevely,8947858344,hclevely3v@bandcamp.com,7 Muir Street,OfccO9LcPbK,1946/01/29
Valentina Malitrott,4714288499,vmalitrott3w@wikispaces.com,61 Elgar Drive,jvAd5b3ODF,1957/04/28
Fina Drewery,8233259910,fdrewery3x@who.int,91923 Grayhawk Court,MVW2AUtxs1,1940/09/25
Jack Fincham,1875135432,jfincham3y@wix.com,70 Rieder Point,iKyVvq0E,1933/12/06
Lazarus Langtree,1317560574,llangtree3z@myspace.com,954 Melody Way,MjgnjO4,1926/12/31
Hailey Dunrige,7468570058,hdunrige40@twitter.com,18022 Transport Parkway,z5FRbNv9c,1949/01/13
Edie Dacke,5792055289,edacke41@jigsy.com,0 Park Meadow Plaza,V0cgso95v,1971/06/04
Evonne Pretious,7826434906,epretious42@moonfruit.com,5315 Morrow Way,o2TukV,1994/07/14
Karoly Bowerbank,5534503809,kbowerbank43@techcrunch.com,0 Elmside Court,CL1LDmXlbd,1932/01/09
Constantine Folkard,9182319999,cfolkard44@last.fm,1 Johnson Place,NovyHIUXt,1981/11/05
Erhard Andrea,2543596237,eandrea45@webmd.com,1071 Namekagon Point,504pWtpiPINj,1935/09/19
Fax Pinnick,5118385224,fpinnick46@vimeo.com,7 Mandrake Point,Z7Dg3rYuRPNf,1974/06/21
Elke Banfill,2105149163,ebanfill47@taobao.com,04545 Starling Place,mD8sjJcZCL9,1997/12/16
Aldon Cash,5469154908,acash48@cocolog-nifty.com,415 Killdeer Circle,iajiq4v4Q,1960/03/16
Charlene Dakers,3984844746,cdakers49@reuters.com,71152 Lunder Circle,ATn5Ims6a,1999/08/16
Reinald Fortesquieu,6983725687,rfortesquieu4a@ibm.com,29 Karstens Hill,53CyjbmZxnXN,1948/12/10
Sarine Thorrold,6396932387,sthorrold4b@msn.com,792 Hagan Circle,cJH147HN,1961/09/17
Georgie Larchiere,9379080924,glarchiere4c@ucla.edu,4 Monica Junction,W2Manz4km,1988/08/15
Rowe Pizzie,1101916845,rpizzie4d@printfriendly.com,60 Crowley Drive,iVVHczJiSe,1995/03/23
Hilario Eatock,9605228337,heatock4e@cbslocal.com,47851 Montana Drive,8lP5Q0Tvn4K,1943/01/29
Kati Thorrington,9102992419,kthorrington4f@time.com,7823 Loftsgordon Alley,s1sx3T,1932/06/17
Shaina Trangmar,6524897280,strangmar4g@gov.uk,1944 Twin Pines Pass,JEbZR1ek,1980/05/26
Nani De Beneditti,4046343043,nde4h@nature.com,6143 Pierstorff Road,FDLafwOCGjd,1955/04/09
Donella Ponnsett,7396553414,dponnsett4i@salon.com,83 Ruskin Drive,vaB6jkLT,1964/07/24
Sloane Pioch,2206738141,spioch4j@shutterfly.com,6550 Welch Junction,i7mjXIWjIez,1963/05/24
Kile Aksell,6029553768,kaksell4k@huffingtonpost.com,0540 Jenna Plaza,pkRBHa3,1978/08/22
Emily McMichael,3177724102,emcmichael4l@webnode.com,23 Moland Park,BXIlmKyMJ,1973/03/26
Luis Hruska,5266093206,lhruska4m@cisco.com,89 Colorado Drive,MTRgIyKamap,1955/02/13
Clarance Draye,8936813075,cdraye4n@theguardian.com,1432 Garrison Pass,MFHQsDsBLS,1995/09/15
Raimondo Osipov,3203952749,rosipov4o@godaddy.com,3 Buena Vista Lane,fcaQHfTsc,1983/02/14
Lyell Dailey,4704945212,ldailey4p@chronoengine.com,46 Gateway Avenue,ow8akeXcKp1,1983/07/03
Neel Veart,7507996706,nveart4q@google.co.uk,9823 Monterey Trail,y6ZNuOHu,1924/11/24
Maressa Leng,7642148292,mleng4r@latimes.com,7299 Eggendart Court,02XYnS8cD0e,1962/09/07
Steward Petow,8833980426,spetow4s@jugem.jp,5455 Merchant Parkway,mVLijh9,1966/02/21
Elisa Kilban,1744686601,ekilban4t@technorati.com,58 Sachs Place,XGP9jr,1981/06/09
Cole Thomlinson,6515549203,cthomlinson4u@studiopress.com,026 Mockingbird Park,QQxGAqMu,1936/08/07
Faun Gemlett,1358986029,fgemlett4v@theglobeandmail.com,424 Corben Court,7XdM8nL,1929/05/27
Evaleen Tripney,9585453092,etripney4w@smugmug.com,9370 Harbort Hill,wqwTUJM,1976/07/17
Jemmy Kerfod,7251909069,jkerfod4x@netlog.com,2 Meadow Vale Junction,GQx0N3x,1981/03/14
Inglebert Detheridge,8913424300,idetheridge4y@tuttocitta.it,60265 Mcguire Place,fVSjibGUOqfK,1934/03/14
Rabbi Held,4057035657,rheld4z@posterous.com,6751 Anzinger Alley,lKLBH4eC,1953/10/03
Geraldine Steffan,7763120796,gsteffan50@globo.com,57351 Gerald Center,0A4bpO,1986/02/27
Tamas Smail,8715945230,tsmail51@networksolutions.com,4 Hauk Junction,HHQxqPG5W,1994/01/25
Bank Cains,7818520935,bcains52@cnet.com,3 Service Avenue,Ba1zst,1928/10/10
Vinson Tunno,8269372617,vtunno53@statcounter.com,5831 Westport Center,feNalnzxcJkL,1985/03/10
Garnette Marde,2535806543,gmarde54@cocolog-nifty.com,2 Vahlen Terrace,uSUO7plkb4h,1950/07/31
Tiffie Pillinger,1743872637,tpillinger55@foxnews.com,475 Cascade Junction,zhGDHr,1963/08/28
Carmelia Berringer,6947772567,cberringer56@globo.com,49 Schiller Crossing,39pvho,1957/05/09
Buddy Barhems,3606098101,bbarhems57@disqus.com,6 Oxford Lane,vKTOo4eAJO9C,1947/05/18
Adella Lowy,9257586410,alowy58@sakura.ne.jp,13846 Maple Alley,AFH6s5Qp,1924/01/15
Jordanna Pendleberry,2582922714,jpendleberry59@shinystat.com,65 Corscot Alley,OozT8xagp,1954/10/04
Tamqrah Sterke,8677555492,tsterke5a@paypal.com,2 Pepper Wood Crossing,OkCvkBV,1931/07/20
Art Shorrock,4387819827,ashorrock5b@squidoo.com,22 Huxley Crossing,3KeHInSQog,1996/03/01
Guthry Purbrick,7004447521,gpurbrick5c@nymag.com,83 Helena Lane,1D8WjXPMYjcb,1975/12/18
Hallie Grundell,7951121217,hgrundell5d@1688.com,8319 Roxbury Terrace,O0Il4Pysw4,1972/10/13
Farlay Attkins,9061449040,fattkins5e@studiopress.com,3 Sycamore Pass,uxVvvu,1958/06/08
Neely Biggins,8731101914,nbiggins5f@51.la,8 Vermont Hill,Iw7eSF3x,1993/03/13
Casie Nanuccioi,4861449324,cnanuccioi5g@meetup.com,11 Clarendon Parkway,AUjA7jjuQOs8,1996/01/14
Delilah Lavalle,2496099148,dlavalle5h@nature.com,16 Springview Trail,9eeKZvmtc,1969/05/31
Dorthy Gaiter,4384271635,dgaiter5i@nbcnews.com,8 Columbus Point,j30Byw,1971/07/06
Lucky Rozea,3106147127,lrozea5j@go.com,21867 Carey Avenue,RspMSs57,1959/10/15
Jozef Alekhov,2782546119,jalekhov5k@ezinearticles.com,309 Melrose Trail,t3CTXxeJl,1975/02/02
Miof mela Maberley,8179015272,mmela5l@dion.ne.jp,70951 Browning Parkway,q6y6JQP3VE3f,2000/06/26
Collen Brahms,3914753427,cbrahms5m@fc2.com,9 Browning Place,lLIQHHD2zm7,1968/04/11
Karlee Bocking,3487036130,kbocking5n@paginegialle.it,2808 Lillian Place,Xv7Bzo6GTqvz,1939/04/02
Annabela Branscomb,4941630506,abranscomb5o@flavors.me,9 Gina Plaza,6KzZQ4cZ99v,1983/12/04
Jocelyne Kibbee,1962511018,jkibbee5p@seesaa.net,6272 Artisan Center,9DWt2s8v7,1929/04/18
Walther Sudron,1653784786,wsudron5q@odnoklassniki.ru,29115 Stoughton Center,5tVEDJlp,1983/05/25
Austin Pfeffer,4954363603,apfeffer5r@lycos.com,021 Del Sol Center,fF2zRBwepn,1968/07/30
Lucio Rojahn,5551105811,lrojahn5s@zdnet.com,4146 Fulton Alley,Lh6KhJ,1997/03/26
Shawn Jakoviljevic,8211695951,sjakoviljevic5t@blogtalkradio.com,4717 East Junction,wYMmIn,1961/01/13
Petronilla Senter,3383666756,psenter5u@thetimes.co.uk,57201 Larry Alley,BajP07,1964/09/03
Verla Kenlin,3159699598,vkenlin5v@arstechnica.com,9 David Parkway,YPwsMHhG,2001/09/11
Mada Laffling,5292857150,mlaffling5w@123-reg.co.uk,17357 Division Trail,8YnPaT,2001/04/17
Hally Yarnall,5534977158,hyarnall5x@nsw.gov.au,3855 Eagan Avenue,AKrKnYQz6n5,1939/03/27
Vaclav Drewery,7416328728,vdrewery5y@biglobe.ne.jp,42 Anthes Parkway,MMGxrB,1976/03/03
Aubree Pereira,1594902570,apereira5z@dyndns.org,3 Oak Valley Road,wRs2m0,1938/09/24
Alecia Dielhenn,1765079876,adielhenn60@techcrunch.com,55437 Bellgrove Plaza,n7Eaaaf,1949/12/10
Bari Jablonski,1886720260,bjablonski61@wsj.com,2 Prentice Junction,w4eWM2jtTO,1956/06/25
Lloyd Foot,1557644435,lfoot62@noaa.gov,21 Utah Point,BUQVLddV96,1955/10/05
Myrna Brackstone,4551006506,mbrackstone63@dmoz.org,048 Bultman Way,4WMxK0LkRQ,1965/04/03
Bastian Levins,2976432655,blevins64@wisc.edu,1 Sherman Lane,mYpNhCnM,1982/07/31
Tuckie Heinssen,5465975746,theinssen65@imageshack.us,61058 Michigan Junction,My273tj,1962/03/30
Ricoriki Debrick,3261360697,rdebrick66@google.com.hk,3 Arkansas Hill,vyZcUIlmE,1936/11/09
Hussein Adamo,3369217670,hadamo67@networksolutions.com,3880 Thierer Center,f4uc84uOVGPq,1970/10/24
Bekki Itzhayek,5522632280,bitzhayek68@odnoklassniki.ru,22 Westport Alley,8awcso,2001/03/10
Weylin Gladding,1076248268,wgladding69@opera.com,93771 Banding Avenue,k89rNomPx,1986/04/07
Helsa Janota,4339721562,hjanota6a@irs.gov,34 Kings Parkway,RCs3t1X0vJ1w,2001/05/24
Aigneis Lamartine,4511920860,alamartine6b@icq.com,2 Dapin Hill,em4OFbh5nydQ,1939/08/06
Egan Pittoli,6079152214,epittoli6c@auda.org.au,125 Tennyson Hill,PIv81I0vGk,1996/06/22
Hastie Beviss,2499847133,hbeviss6d@bbc.co.uk,912 Old Gate Way,5z3UU8,1998/04/22
Imogen MacGilmartin,4633344022,imacgilmartin6e@cyberchimps.com,4 Mayfield Lane,hrS7763,1929/09/15
Jacky Crix,1269640349,jcrix6f@hhs.gov,68 Sycamore Junction,XvBIWC,1942/03/26
Benito Wildbore,4943056917,bwildbore6g@canalblog.com,9 Heath Parkway,gEBmgCVs6YQ,1947/05/04
Romy Wilcock,6362068360,rwilcock6h@wired.com,002 Oneill Circle,PR16tYqJnu,1933/05/15
Dar Dawton,4232191051,ddawton6i@telegraph.co.uk,0814 Colorado Circle,ja7o8d,1987/07/04
Phyllis McCarlie,1929905846,pmccarlie6j@state.tx.us,42 Pearson Park,PxVUoDRnyH,1930/05/16
Kaleena Cinnamond,6929884268,kcinnamond6k@artisteer.com,496 Sundown Junction,Ug1L0W70q,1956/12/13
Euell Santello,6643316824,esantello6l@slate.com,438 Nova Plaza,HGaxTh,1984/10/26
Alphonse Gulley,2736907547,agulley6m@shop-pro.jp,239 Troy Court,jj95Mb,1965/01/23
Iggy Figgess,3173005020,ifiggess6n@posterous.com,09 Golf View Terrace,JqMTxL6kSt,1931/01/11
Dermot Gerhts,4694300122,dgerhts6o@wunderground.com,38560 Ruskin Park,WdYVFv4pAC,1978/09/18
Wilt Eyre,3804822936,weyre6p@yellowpages.com,312 Upham Terrace,M1DrhNaMCZB,1953/12/21
Lotta Phillins,4652452770,lphillins6q@instagram.com,62028 Russell Pass,C6zeG96yQ,1935/10/05
Caye O'Mullally,8186859818,comullally6r@accuweather.com,81 Mccormick Court,lZiftK1,1952/02/02
Asia McLaverty,3716836616,amclaverty6s@npr.org,0 Center Circle,DEtAMIBDOGS,1938/07/30
Junia Corselles,5912182071,jcorselles6t@discuz.net,66 Russell Junction,LUbH6mmMV,1942/04/07
Cello Ley,1821015604,cley6u@shareasale.com,35 Park Meadow Circle,ZKm5Wncf3,1982/01/19
Janifer Furney,7133495213,jfurney6v@howstuffworks.com,73 Shelley Parkway,TlU8weDh,1932/10/23
Ketty Whordley,7855676407,kwhordley6w@mapquest.com,9907 Ridgeview Trail,zZd9WOuyIh,1954/01/18
Bendite Dodle,2755815411,bdodle6x@wired.com,64 Paget Junction,7tAxABqr,1997/02/21
Cordelia McQuarter,9824964493,cmcquarter6y@chicagotribune.com,3 Colorado Crossing,nJMhTKB7ohm7,1985/05/21
Angie Bamell,6352601860,abamell6z@constantcontact.com,906 Mifflin Place,TdjE6xt,1947/12/29
Angela Stanway,2329454368,astanway70@utexas.edu,89 Ilene Way,xFIs77Qeae,1938/07/07
Tomlin Cleveland,8134747540,tcleveland71@feedburner.com,231 Buhler Hill,MVE0cr1MXpm,1989/01/06
Linnea Imeson,7625117712,limeson72@uol.com.br,0 Kim Plaza,pLjBblh3,1930/08/18
Jaquelyn Oki,6476098743,joki73@google.fr,723 Crest Line Crossing,D5bSlY,1978/04/02
Lian Armfirld,4886642478,larmfirld74@bbb.org,4507 Sundown Park,eKfzScDq,1945/08/21
Troy McAteer,9496581632,tmcateer75@mac.com,6 Kennedy Alley,CzVSdDna00eq,1979/09/18
Orson Renac,2442249017,orenac76@jugem.jp,4908 Gulseth Park,JOKvn4buAd,1975/05/26
Pippa Gregan,6412798034,pgregan77@oracle.com,97076 Sachtjen Road,JgUJgzgW,1985/05/26
Preston Lamanby,1335794010,plamanby78@reverbnation.com,44578 Bashford Pass,lMzwex0Velb,1935/03/02
Cornell Jouannin,9901213951,cjouannin79@youtu.be,944 Dunning Place,jEGz2lX,1990/06/20
Rosanne Penhaligon,6736353879,rpenhaligon7a@oracle.com,28572 Florence Lane,tMQ10ITsH,1989/06/19
Milena Wraight,7337500393,mwraight7b@domainmarket.com,929 Troy Place,5480YyiRyo,1962/03/20
Nancee Dewan,5561101470,ndewan7c@youku.com,26 Acker Junction,91PsCtTogg,1961/05/09
Shawnee Loakes,3651250034,sloakes7d@google.com.br,6 Sutteridge Circle,CDaN0jj,1930/12/28
Jody Fryett,2737120654,jfryett7e@slashdot.org,59 Roxbury Lane,Detcwi0jRJJ,1980/04/03
Alwyn Elkington,5578173164,aelkington7f@google.fr,36449 Bonner Parkway,C2uzi3SwlzyQ,1969/07/22
Garv Orwell,5361992651,gorwell7g@bbc.co.uk,79 Elgar Court,xkQBI0,1975/02/23
Ranique Meier,4839335096,rmeier7h@wp.com,64 Fuller Road,3PrAcvdXJ,1985/05/13
Rube Francescone,8183708449,rfrancescone7i@gmpg.org,81030 Sullivan Drive,aBAkLk,1968/04/02
Rani Hemms,3278910326,rhemms7j@dailymail.co.uk,3879 Westerfield Pass,Hicwk8bZ0U,1927/12/01
Eduino Ivashintsov,6758902639,eivashintsov7k@mozilla.com,322 Starling Avenue,49DeTuJ,1979/01/15
Haskel Challes,8159870478,hchalles7l@instagram.com,35 Lerdahl Pass,MqhioD,1980/10/01
Ronnie Ross,8114683986,rross7m@list-manage.com,614 Mendota Trail,hy0DMz,1957/10/09
Ailey Ilymanov,6343680836,ailymanov7n@tuttocitta.it,93 Northridge Road,FFUkjEGGBQX,1925/07/05
Ellyn Adair,2787489203,eadair7o@ifeng.com,452 Sutherland Point,ZIyctyD4Kpe,1987/11/17
Torrie Graith,8145793913,tgraith7p@ibm.com,775 Stone Corner Court,dnKsD5,1991/08/29
Genvieve Alkin,7679202700,galkin7q@4shared.com,895 Redwing Park,LA50Ph5qY,1939/01/22
Fergus Doole,8725088605,fdoole7r@hatena.ne.jp,22 Jay Road,4joEZxX,1955/11/27
Hillel Pook,3503201023,hpook7s@mit.edu,33 Kipling Plaza,92LSgef1MCy,1968/10/26
Farley Beadell,3304394756,fbeadell7t@aol.com,7886 Dottie Circle,I02gXu,1975/06/11
Modesta Keeri,6341317422,mkeeri7u@youtu.be,24 Farmco Lane,omWlLH,1974/03/24
Miltie Fazan,6779353077,mfazan7v@prweb.com,125 Village Avenue,EiCEPU,1932/10/03
Meghan Lighton,4745920008,mlighton7w@ibm.com,1972 Oneill Road,sL5CnERNT,1943/08/20
Karmen Strangman,2853163217,kstrangman7x@google.de,382 Oak Hill,6fXeC3NXA,1958/11/15
Fae Geraud,1096928744,fgeraud7y@slate.com,0 Anderson Point,9FSzl3RpFAol,1950/04/02
Garold Broadberrie,7122972179,gbroadberrie7z@constantcontact.com,691 Everett Point,t2y5DxR,1930/01/23
Coleen Taunton,3778903796,ctaunton80@furl.net,8 Spohn Park,CsKn8mSO,1950/03/04
Leo Geely,7295368616,lgeely81@mapquest.com,6 Pond Trail,2I3KvO2Ai4g,1959/12/21
Frederique Mossbee,2781228250,fmossbee82@bizjournals.com,4683 Corben Way,md8rLToa,1998/01/22
Darb Fosse,7607261982,dfosse83@jigsy.com,55 North Court,0gUFFU9zBUoq,1971/12/25
Nilson Gouldsmith,2856962748,ngouldsmith84@google.de,9916 Center Pass,cVtao9DBYx,1983/07/06
Delmore Stockow,2598514605,dstockow85@utexas.edu,976 Lotheville Way,0enjD9jKnInj,1940/04/19
Sheilakathryn Mounce,8727064391,smounce86@ustream.tv,3748 Menomonie Alley,WJOeqEsj,1987/02/28
Natala Bofield,9151366216,nbofield87@stumbleupon.com,95161 Steensland Court,HOiW5e88Kay,1927/01/26
Tad Service,3278719916,tservice88@vinaora.com,65 Hollow Ridge Pass,h0ilMo,1929/11/30
Petronella Pickhaver,5587528088,ppickhaver89@who.int,2439 Moose Plaza,99vvum1jjb2,1968/12/29
Neale Gilling,6368053598,ngilling8a@oracle.com,189 Eggendart Trail,iqp6jqNi8Uj9,1983/09/17
Tierney Biernacki,9336412527,tbiernacki8b@digg.com,900 Maple Trail,5GvJQXxN,1978/08/04
Gherardo Casford,2609680537,gcasford8c@gov.uk,46758 Eastlawn Lane,0bNPVmyz,1943/05/29
Shannen Killbey,1757572320,skillbey8d@blogspot.com,62798 Kensington Hill,FXYIYdm8kU,1978/11/02
Jacklyn Scoggins,1526164325,jscoggins8e@blogger.com,153 Summer Ridge Avenue,xOg5kzhaaV6,1934/04/29
Mada Giacubbo,3747096509,mgiacubbo8f@ycombinator.com,81403 Luster Road,cBZ6NBvQq,1944/02/23
Augusta Bransdon,6986248563,abransdon8g@purevolume.com,11581 Derek Place,qa1LdLYQ,1988/06/03
Anatollo Leates,2881899589,aleates8h@arizona.edu,29896 Bay Crossing,mJ0KGhS,1959/10/18
Gale Dunnet,9637325518,gdunnet8i@yolasite.com,7315 Thierer Point,MvvEWA,1938/09/24
Cord Blewitt,2014666273,cblewitt8j@mit.edu,95 Dennis Trail,SEXv0um,1936/11/10
Addison Lascelles,4208638884,alascelles8k@storify.com,4 Hoard Trail,m08hgq,1958/02/21
Heall Camis,5721128640,hcamis8l@craigslist.org,9179 Kinsman Circle,Ngp7l6,1986/09/09
Sibyl Follett,2803254121,sfollett8m@plala.or.jp,28603 Tennessee Court,Zu4cwZ0Ac,1955/09/13
Algernon Figura,7547151629,afigura8n@godaddy.com,9113 Cardinal Circle,5n8xVVIOo,1968/06/11
Crista Wittier,5178900567,cwittier8o@google.cn,61639 Mandrake Crossing,x4saD60mjlDz,1949/09/22
Dorene Yanshonok,4459568365,dyanshonok8p@themeforest.net,063 Gateway Street,CTJE4SJOnfm,1972/09/16
Ahmad Fraczak,9549412108,afraczak8q@clickbank.net,96920 Oxford Lane,afAaxC,1965/05/18
Farleigh Davidge,7802958448,fdavidge8r@who.int,8231 Nobel Way,CtHvWFG,1955/06/30
Deni Mahaddie,4426392722,dmahaddie8s@angelfire.com,74562 Meadow Ridge Lane,ermtD7G62ke,1931/03/12
Cassie Liveing,7202967089,cliveing8t@goo.gl,63 Monument Court,OSpKY71boq,1934/05/01
Cordy Whitehair,4862197130,cwhitehair8u@google.co.jp,599 Bartelt Alley,KrPifcOk,1944/08/09
Bret Chisman,6754054835,bchisman8v@paginegialle.it,970 Moose Street,FM3Yf6wu,1936/05/30
Cleon Cosyns,4132679534,ccosyns8w@ucla.edu,55316 Mcguire Road,DyOKhtjct,1998/02/26
Ford Lyal,8082705824,flyal8x@istockphoto.com,16 Farwell Avenue,Ab5Mt81gdP,1972/06/09
Jeri Hibling,5215886334,jhibling8y@cpanel.net,42 Fairfield Terrace,PgWW5n47jiw,1992/02/06
Neale McCarle,3328054927,nmccarle8z@elpais.com,62 Ludington Plaza,hSh5Ft,1953/01/23
Joleen Hargey,4343867045,jhargey90@simplemachines.org,9 Anthes Place,cN2qH4TlhrP,1976/07/20
Lowrance Timson,1462211081,ltimson91@examiner.com,68 Cottonwood Park,fY6ZQpVN6ht,1927/02/05
Emilee Skipper,5813035723,eskipper92@php.net,9 Manufacturers Way,RXmyFgD,1944/11/04
Tamar Mammatt,5107775952,tmammatt93@canalblog.com,68788 Oak Valley Court,56mayzT94ha,1992/04/30
Darsey Poag,5353449764,dpoag94@msn.com,772 Briar Crest Crossing,hnMbZNHbpLi2,1978/11/16
Guido Jedrych,8133647118,gjedrych95@goodreads.com,6186 Texas Center,SrvbjXZ1DY,1927/11/21
Melisande Patridge,1773949393,mpatridge96@marriott.com,9704 Pleasure Plaza,eQkj5b,1926/06/25
Nancie Castiello,5569049471,ncastiello97@wunderground.com,16 Rieder Alley,mZLa2NsXK,1928/01/01
Jany Elie,8578351637,jelie98@scientificamerican.com,24791 Raven Junction,BnxQEVy,1940/08/29
Diarmid Symmers,6522430797,dsymmers99@oakley.com,0673 Monica Junction,Z9VJzZBu1,1923/12/17
Barty Pagel,9499128608,bpagel9a@goodreads.com,883 Caliangt Point,spm0je28,1993/05/20
Francisca O' Shea,8019174367,fo9b@google.es,24 Helena Parkway,TeHzAk,1996/04/29
Ingemar Beynkn,4743048588,ibeynkn9c@youku.com,8 Esker Alley,V5csh0,1945/02/25
Kellby Suthworth,7243781390,ksuthworth9d@youku.com,04 Luster Road,qoBMWrM1,2001/06/22
Herby Lammerding,4941886089,hlammerding9e@telegraph.co.uk,01 Talisman Avenue,MgXsfj,1963/02/08
Ignacio Maypowder,7481582164,imaypowder9f@cnn.com,68 Dahle Junction,e3sVo5V,1930/11/07
Edie Crichmere,3081654140,ecrichmere9g@a8.net,6 Ridge Oak Hill,okN9gh090UH,1923/07/20
Liesa Vankov,6078516831,lvankov9h@indiatimes.com,013 Heffernan Alley,1TMpp8S,1999/01/23
Sid Gissing,1663017625,sgissing9i@storify.com,45321 Parkside Trail,wKYHqUxik,1991/11/03
Alica Felder,1683744371,afelder9j@geocities.com,753 Crest Line Court,ieLWSY,1933/05/17
Ferdinande Le Noir,7388743825,fle9k@guardian.co.uk,5 4th Place,E8enVN,1949/02/25
Doti Ferdinand,7017293913,dferdinand9l@histats.com,61944 Bowman Court,EiXg87vNWU,1971/01/13
Si Quesne,2706054233,squesne9m@latimes.com,6801 Stang Junction,N5bKFKBadh,1983/03/28
Prudi Larmour,7557478841,plarmour9n@mlb.com,8329 Petterle Lane,Jy3YphW,1992/07/05
Herrick Dollar,7988329591,hdollar9o@xinhuanet.com,5 Lakewood Gardens Alley,xkW11E1gPX7n,1944/02/06
Chevalier MacTavish,3819357121,cmactavish9p@lycos.com,66225 Oakridge Alley,sGlft3gpr0g,1952/10/30
Giavani Dinse,2728929102,gdinse9q@hexun.com,4 Larry Trail,cwcFl90ILgrH,1927/01/21
Terrye Bosman,2189433907,tbosman9r@xing.com,3559 American Alley,vDUmgKsnbgbV,1967/03/02
Isabella Vynehall,9171274063,ivynehall9s@ted.com,60181 Sunbrook Place,mtvnFFResa,1932/03/17
Inga Phillipps,5845017000,iphillipps9t@yale.edu,6454 Vidon Crossing,EkuzUjZWx4e,1933/04/17
Friedrick Tomala,2302059294,ftomala9u@state.gov,8567 Northridge Center,0Qa2jxB7O,1957/11/13
Sibilla Cooper,5117434263,scooper9v@google.co.uk,53 Armistice Parkway,qJQwGLeD8,1961/11/07
Ludvig Papen,4183583471,lpapen9w@slate.com,11327 Sunfield Terrace,rPAKRB,1940/11/05
Raul Duggan,3286401431,rduggan9x@techcrunch.com,4 Warbler Parkway,zkjkGwwPXen,1972/05/29
Sebastiano Nelle,1494484816,snelle9y@sitemeter.com,4225 7th Terrace,e5YMBIV,1936/12/15
Tallie Losbie,2722646977,tlosbie9z@vinaora.com,3 Transport Plaza,Jp3PR7a,1964/07/02
Erv Messier,2437291050,emessiera0@people.com.cn,3 Dovetail Place,2asDMXQUPjyK,1987/08/28
Vonnie Buckner,2503696216,vbucknera1@tumblr.com,89 Karstens Lane,uMAZdWPLl,1968/07/01
Arnuad Conan,3902264101,aconana2@prweb.com,82427 Texas Place,EDhVRlwo,1924/12/20
Gerri Spratling,7409287600,gspratlinga3@storify.com,1449 Fieldstone Terrace,WqdmJ01FR0xh,1952/08/05
Tilda Tyre,7483059708,ttyrea4@blogtalkradio.com,846 Arapahoe Place,yt59ep,1952/12/16
Elli Castagneto,5912392792,ecastagnetoa5@behance.net,9487 Carpenter Court,S5Ixpb5ss,1931/11/28
Leon Bartholin,4728745328,lbartholina6@oaic.gov.au,8 Little Fleur Pass,tjPODzEUC,2002/04/09
Delano Kaiser,1847001363,dkaisera7@webnode.com,15038 Messerschmidt Trail,dBgU86FCNxi,1938/01/03
Jeralee Malecky,6328930203,jmaleckya8@hhs.gov,653 Sunfield Pass,smCVzZv,1928/12/21
Aloise McClelland,8616682155,amcclellanda9@biblegateway.com,70512 Quincy Avenue,UARMJDtA,1959/07/17
Bartlet Hassall,3604170338,bhassallaa@tinyurl.com,727 Pleasure Court,yfs9Ca0YMk,1990/08/28
Ileane Reynard,1372727582,ireynardab@ustream.tv,08 Fairfield Center,UbCyOBw,1959/08/13
Gabie Walpole,5222661651,gwalpoleac@weebly.com,95783 Browning Parkway,QY7Ea3,1978/10/22
Nicholas Pasque,2135798805,npasquead@example.com,8 Continental Center,Wx3EkvTcpHj,1941/01/06
Marji Sandcraft,6501862344,msandcraftae@columbia.edu,17 Calypso Circle,vPbxJ7CzRG,1927/06/15
Marjorie Balser,8322818098,mbalseraf@reddit.com,5 Clarendon Trail,x1dBzH,1927/10/31
Steward Treswell,2921431418,streswellag@walmart.com,872 Hollow Ridge Circle,b6zaleFSA,1939/04/09
Becca Druce,9138182998,bdruceah@gravatar.com,2 Eagle Crest Street,IuTAeb9g3D,1939/04/15
Debi Harsum,8349072790,dharsumai@weibo.com,23030 Longview Drive,glO9d8G68,1949/01/14
Estrella Deignan,4027167571,edeignanaj@howstuffworks.com,85 Clarendon Crossing,EoDQjz,1954/06/18
Dyan Di Pietro,4227473746,ddiak@ucoz.ru,83 Springview Hill,55J01i,1932/09/17
Coralie Donan,4784721149,cdonanal@bbc.co.uk,452 Bartillon Pass,LFKVZwM,1940/09/25
Shana Andino,9322201250,sandinoam@moonfruit.com,03748 Vermont Drive,uTFZ3FirMAn1,1958/07/03
Dori Imlen,7773148843,dimlenan@cbc.ca,78414 Longview Junction,499vcVJ,1972/06/20
Celeste Morison,9776327929,cmorisonao@prweb.com,37 Ridge Oak Lane,LQKVJwVuC5,1973/10/09
Lewie Pumphrey,6058530720,lpumphreyap@unblog.fr,3250 Warner Street,yLfjDgp,1996/07/01
Remus Trevon,6158126043,rtrevonaq@msn.com,5 Forster Center,znsQ53vYeH,1980/01/27
Leta Desbrow,9576165298,ldesbrowar@weebly.com,2137 Sugar Center,mSOJQu,1954/11/27
Deonne Collabine,3247346488,dcollabineas@aol.com,556 Canary Trail,cX7aSINWFsYn,1993/09/21
Andros Fludder,4245875531,afludderat@joomla.org,5812 Spenser Road,hdwtNe,1958/07/16
Morgun Ratchford,4653475082,mratchfordau@zimbio.com,55 Maple Wood Road,h2X4Gs,1988/06/07
Donn Blunsen,2383930661,dblunsenav@thetimes.co.uk,1514 Buhler Terrace,O1GvMu,1983/10/28
Chas Marvel,6933391402,cmarvelaw@symantec.com,42815 Hoepker Place,KtHTwu8vi5w,1987/09/30
Griffith Ingman,9488124666,gingmanax@slate.com,7 Manitowish Terrace,GPQpAUHSQ,1931/11/18
Gustave Perrot,7586022135,gperrotay@nasa.gov,5 Dexter Way,GGgPE4c,1937/09/10
Barnard Sherston,2694086441,bsherstonaz@theatlantic.com,6 Katie Way,W7uz1nlcUAnh,1988/03/13
Murdock Philp,7421981718,mphilpb0@wisc.edu,0 Prairie Rose Circle,vc9RMliZ,1944/03/09
Kristine Finden,7034018230,kfindenb1@vimeo.com,854 Orin Park,qhM1QD59k7,1979/11/20
Lesley Philcott,5428857766,lphilcottb2@wsj.com,539 Roxbury Drive,v9XoDqf3KS,1968/01/06
Yorgos Marven,4152352684,ymarvenb3@wikia.com,65 Stuart Street,rU5iokD,1981/08/03
Breena McCromley,3619505471,bmccromleyb4@wikipedia.org,1 Reinke Lane,NByo8plus,1948/05/07
Glenna O'Dyvoy,7324107537,godyvoyb5@jigsy.com,0 Fair Oaks Plaza,2YkWsqeKowyI,1941/12/01
Cly Dockray,9123287998,cdockrayb6@fda.gov,4 Washington Way,jNhmHmRdU,1989/03/26
Alfonso Bertolin,4787406181,abertolinb7@amazon.co.uk,3 Marcy Drive,wr33Zc,1955/09/06
Rudolfo Amy,1382519550,ramyb8@feedburner.com,83 Arkansas Street,7sq3qaf6Yba,1943/04/06
Kacey Statefield,3256194287,kstatefieldb9@about.com,0986 Rutledge Hill,sTv8o2,1995/08/04
Jenine Rippen,8034292255,jrippenba@wordpress.org,3 Westend Terrace,9HfT7FP,1948/06/09
Herbert Essame,9134125338,hessamebb@livejournal.com,46014 Dottie Point,N4jVZeNFg,1935/04/21
Alta Leare,5612378969,alearebc@apache.org,560 Jana Pass,zMf2MT,1958/01/09
Mayer Legate,9067976007,mlegatebd@rediff.com,2 Fisk Way,i5rsfSt,1941/01/15
Mallissa Thon,9905422570,mthonbe@delicious.com,127 Prairie Rose Plaza,CvdeFWd4,1968/12/31
Nari Sapauton,5459767150,nsapautonbf@auda.org.au,4 Coolidge Place,9roPrv,1956/11/09
Grantham Kiellor,5306338600,gkiellorbg@e-recht24.de,927 Gulseth Point,Re2Yrhpj,1952/07/07
Shandeigh Baudassi,4363224955,sbaudassibh@jiathis.com,0652 Green Center,zlMIKLvb5K8,1987/08/04
Hillyer Kuhn,8988127130,hkuhnbi@comcast.net,328 Northland Terrace,J0777nZw4,1977/02/09
Renard Bonifacio,8235899486,rbonifaciobj@globo.com,04 Main Terrace,UMfRVzc,1937/05/11
Alvan Lesslie,3149647424,alessliebk@opensource.org,1803 John Wall Street,SiRhHHgq01M9,1969/11/25
Gav Grumble,2545520226,ggrumblebl@ocn.ne.jp,45718 Anzinger Pass,uvHfCm8PwsZ8,1947/04/29
Chevy Klimkin,8849986031,cklimkinbm@cargocollective.com,792 High Crossing Circle,WtRoorYwx54,1957/06/15
Riobard Olanda,3689635630,rolandabn@businessweek.com,79 Forest Run Road,1rl5h1vCKq4v,1954/03/28
Sophia Davinet,1569702403,sdavinetbo@spotify.com,1 Claremont Junction,ZDQdBPtiDEjx,2002/02/02
Elise Donne,8307881198,edonnebp@amazon.com,83900 Towne Pass,G7q1zl,1953/12/19
Kerk Barhims,4695255634,kbarhimsbq@illinois.edu,46541 Northport Avenue,ITOoUMz,1976/11/09
Alphard Kopke,4386395131,akopkebr@blogspot.com,18 Troy Drive,zN7eA6R,2002/02/28
Cicely Mulvenna,3185859013,cmulvennabs@dyndns.org,193 Eliot Circle,qik500evHr,1979/05/13
Marice Prahm,4805549672,mprahmbt@princeton.edu,08287 Bunting Avenue,ufhzX3GdsH,1932/04/27
Lucinda Grisard,6148251441,lgrisardbu@mac.com,43 Glacier Hill Place,MfMjYdrJf,1955/06/09
Urban Andrzejak,1821446192,uandrzejakbv@buzzfeed.com,25 Sundown Crossing,R3QCKPW,1997/01/11
Joyann Blanshard,4366046522,jblanshardbw@joomla.org,2778 Jenifer Road,5DdBPD,1948/08/10
Ivette Winspare,1186917932,iwinsparebx@vk.com,5152 Rusk Way,hg4Wq8kWXN,1940/04/03
Kiah Seear,7485636707,kseearby@google.de,26363 Arizona Pass,fJMl6PJUQt,1972/02/21
Kelcy Linch,9154432478,klinchbz@ehow.com,9 Pierstorff Pass,BHkyypSHCaeu,1983/05/04
Ivor Kydde,4603940152,ikyddec0@wiley.com,8523 Springs Junction,FWPPaVT3,1930/04/13
Gideon Bresner,8418766047,gbresnerc1@aol.com,604 Ridgeview Trail,z9JdTEeLsgU,1940/06/20
Maurene Witchalls,4003545092,mwitchallsc2@newsvine.com,2 Columbus Crossing,J7O6VLRfGZ8U,1960/01/22
Cassondra Hugonnet,3729224965,chugonnetc3@php.net,82127 Meadow Ridge Parkway,TxlPowOK5QF,1974/03/09
Florette Antoons,9189355984,fantoonsc4@hc360.com,022 Hauk Terrace,xWFaj1SQj,1957/03/04
Pedro Andren,9692388870,pandrenc5@uol.com.br,23574 Larry Alley,cIhfpqHIB,1938/04/07
Beverlie Buten,2309950304,bbutenc6@bloglovin.com,8 Clemons Parkway,NWE2WSwJtj,1959/02/08
Fleur Semens,3271894472,fsemensc7@netlog.com,6889 Loftsgordon Circle,tmZiHlUu,1964/01/30
Lanie Ghiroldi,1606998858,lghiroldic8@exblog.jp,713 Ridgeway Hill,Oe7Dq94ZPoxx,1963/09/09
Nicolais Lowfill,3488268542,nlowfillc9@uol.com.br,97 Barby Pass,QtsYJ8Rd0tt5,1968/01/29
Munmro Tuffey,8767093244,mtuffeyca@php.net,5 Holmberg Junction,kh5tfL,1978/10/23
Nolan Meiner,8089519561,nmeinercb@smh.com.au,0 Boyd Court,2K5FLP,1984/10/21
Simone Currm,3254686543,scurrmcc@wordpress.com,8 Anzinger Junction,YaOSNn,1964/09/27
Milissent Sandever,2175931980,msandevercd@businessinsider.com,62668 Granby Junction,YkODr5YMAOIv,1972/06/09
Gypsy Rockwill,1524493902,grockwillce@umn.edu,776 Tony Circle,LFQAOQN1Xdbj,1966/02/15
Nonie Stillmann,6234544188,nstillmanncf@4shared.com,87 Hagan Center,2uVaO0wF4E,1986/07/18
Lemmie Dumbarton,4238129753,ldumbartoncg@yahoo.com,809 Waywood Point,9pKqjwQ,1993/12/20
Vincent Tarry,6427217967,vtarrych@ucla.edu,4463 Derek Point,ERTR8K,1971/11/27
Carley Hawthorne,5589642939,chawthorneci@purevolume.com,8381 Marcy Circle,RKN8Ju,1958/06/13
Curry Instrell,6132756529,cinstrellcj@microsoft.com,904 Birchwood Point,VC8ri9Ou,1961/01/02
Cull Bennell,8545148452,cbennellck@arizona.edu,650 Lakewood Parkway,Jqu9iI5om,1995/07/18
Lottie Grevel,6444858152,lgrevelcl@bbc.co.uk,5511 Thierer Lane,NMqm9NKDVt,1977/01/25
Elissa Ciric,1401659687,eciriccm@nasa.gov,187 Crest Line Alley,YKbXmrDJ37l,1996/07/03
Danya Reddan,4308598146,dreddancn@tmall.com,23 High Crossing Road,19CJyRmt,1975/03/15
Rebecca Garroch,5585742941,rgarrochco@psu.edu,87301 Helena Lane,RH0cQ9t,1938/05/05
Bathsheba Haselhurst,4862703577,bhaselhurstcp@tripadvisor.com,57 Nevada Alley,aSor6Q,1992/03/17
Annabela Thieme,6728321259,athiemecq@illinois.edu,2 Lindbergh Junction,R6vjG8fD,1929/10/29
Jessy Welberry,1679344334,jwelberrycr@ucla.edu,67 Dunning Center,NyGdeCZ,1985/01/07
Charlene Busen,4434629660,cbusencs@chicagotribune.com,814 Arrowood Alley,3oOLr1hpWSo,2001/03/21
Jamill Tottman,5594931662,jtottmanct@chronoengine.com,2 Pearson Alley,IOqbprQ,1983/01/11
Erek Crewes,6429384759,ecrewescu@amazon.co.jp,65 Arapahoe Center,mFbg6yWHk6W,1998/03/30
Adella Hendrickx,7543804111,ahendrickxcv@archive.org,4295 John Wall Court,AWr1L3eRiPvG,1991/07/11
Costanza Gynn,2181511612,cgynncw@rediff.com,42 Blackbird Drive,LxWJJZ,1947/05/25
Gregorio Skyrme,3635337260,gskyrmecx@drupal.org,418 Jana Court,VcEaTFf2rTs,1927/02/13
Audie Victory,6169387303,avictorycy@theatlantic.com,392 Donald Park,ZJ0dS1Fe,1980/05/06
Ford Goble,6071391239,fgoblecz@furl.net,4214 Harper Point,nxa339,1942/12/17
Rollo Marlin,7888210275,rmarlind0@comsenz.com,677 Di Loreto Road,IQRnEH,1976/04/14
Corrie Jahnisch,2335677309,cjahnischd1@123-reg.co.uk,287 Vahlen Pass,k2HOi0HWuBT,1971/09/25
Mirilla Chrstine,3183692003,mchrstined2@netscape.com,46674 Spaight Place,XbgVF3ljRLOL,2001/06/06
Jethro Kuna,8217139957,jkunad3@newsvine.com,07256 Ridgeway Street,fczSsWItDQ,1952/09/08
Odo Whitehurst,2225333270,owhitehurstd4@soup.io,93265 Coleman Trail,dHR11ahVTBNA,1994/01/13
Evelyn Schreurs,9466449123,eschreursd5@hexun.com,63 Coolidge Pass,6zH5rEd,1923/01/06
Colly Brattan,6869775599,cbrattand6@chronoengine.com,3 Orin Parkway,wjzL0L5ehyI,1937/04/14
Delano Greer,2295775145,dgreerd7@nytimes.com,1243 Troy Drive,WT7CgNH,1937/01/16
Cornelia Duferie,5257809460,cduferied8@spotify.com,9 Eliot Court,gEFFzUBZ,1964/10/02
Sissy Leggs,5031815944,sleggsd9@sakura.ne.jp,2853 Kedzie Plaza,wO2l3q7Fddky,1957/02/02
Tamarah Ferrarello,2889875369,tferrarelloda@businessweek.com,7 Sloan Park,YeH9Irlyg,1956/10/22
Tami Hewes,5707800617,thewesdb@hc360.com,52 Kedzie Park,AFqb3KqH1Je,2001/07/02
Zorine Borrows,2856886680,zborrowsdc@qq.com,0 Ridgeway Lane,p2g7DQnOr,1970/11/05
Fayina McTague,2387548872,fmctaguedd@tamu.edu,34 Cardinal Terrace,QXomm3ebBG,1959/02/26
Brina Shervil,1366615906,bshervilde@sogou.com,41 Brown Crossing,pgca64Ke,1993/07/05
Devan Lidgey,5519451891,dlidgeydf@istockphoto.com,4 Fordem Hill,JRZZgTYBi,1951/06/16
Sheffield Claxson,1771188123,sclaxsondg@comcast.net,8 Warner Lane,7p8jYPFRQiS,1974/05/05
Roland Sarton,9434589677,rsartondh@hibu.com,54677 Lighthouse Bay Drive,Jc1kzeBq3,1989/04/13
Marlowe Peach,1849793118,mpeachdi@artisteer.com,679 Moulton Terrace,ayjrE3cSRdry,1944/09/09
Morganica Haseldine,9504290690,mhaseldinedj@de.vu,95054 2nd Hill,SbUolKd,1935/09/28
Arel Heditch,7494659786,aheditchdk@oakley.com,149 Walton Plaza,4p1t1u,1935/02/21
Chelsy Tolan,4769500752,ctolandl@hp.com,29632 Corscot Junction,wY9hpT72F0h,1927/08/15
Domingo Grinval,8204451959,dgrinvaldm@nymag.com,8502 Tony Alley,uurq8DO4S4Ut,1966/11/21
Reggi Rabjohns,9727154826,rrabjohnsdn@cnn.com,7 Blue Bill Park Road,Am7VqK3NZCc,1925/03/08
Orren Bilton,9026703803,obiltondo@issuu.com,2279 Messerschmidt Hill,kujFQyGCNpPP,1939/10/18
Audie Threadgall,3305991920,athreadgalldp@marriott.com,92850 Pennsylvania Junction,Hoby6neWhXhV,1973/12/19
Lek Mityushin,7111687576,lmityushindq@dedecms.com,25951 Hauk Center,ix0V89wSEC,1989/03/01
Saundra Boscott,8289005345,sboscottdr@ucoz.com,75 North Park,GIojJ6,1963/07/30
Woodrow Koles,3735027813,wkolesds@cnn.com,23 Lindbergh Street,7afwfF,1965/03/04
Ilise Burstowe,3877933095,iburstowedt@google.com.au,28 Grayhawk Trail,XDNuAUTkz6,1987/05/22
Knox Gery,6255293033,kgerydu@drupal.org,859 Mallard Crossing,IOGTZhKmL,1925/11/19
Briney Seebright,6866455781,bseebrightdv@instagram.com,55014 Union Court,l2rjBHkVD,1999/05/26
